<?xml version="1.0" encoding="UTF-8"?>
<Context>
    <Resource name="jdbc/mariadb"
              auth="Container"
              type="javax.sql.DataSource"
              maxTotal="100"
              maxIdle="30"
              maxWaitMillis="10000"
              username="root" 	
              password="1234" 	
              driverClassName="org.mariadb.jdbc.Driver"	
              url="jdbc:mariadb://localhost:3307/project"/>	

    <resource-ref>
        <description>My Connection</description>
        <res-ref-name>jdbc/mariadb</res-ref-name>
        <res-type>javax.sql.DataSource</res-type>
        <res-auth>Container</res-auth>
    </resource-ref>
</Context>


<!--     <Resource name="jdbc/mariadb"
              auth="Container"
              type="javax.sql.DataSource"
              maxTotal="100"
              maxIdle="30"
              maxWaitMillis="10000"
              username="root" 	
              password="1234" 	
              driverClassName="org.mariadb.jdbc.Driver"	
              url="jdbc:mariadb://localhost:3306/vac"/>	

    <resource-ref>
        <description>My Connection</description>
        <res-ref-name>jdbc/mariadb</res-ref-name>
        <res-type>javax.sql.DataSource</res-type>
        <res-auth>Container</res-auth>
    </resource-ref> -->

 <!-- DB로컬호스트/DB파일명 -->